Product Name,Price,Rating,Image URL
Lenovo Legion Pro 5 16IRX9 Gaming,"₦ 4,000,000","4.4 out of 5
(9)",https://ng.jumia.is/unsafe/fit-in/300x300/filters:fill(white)/product/65/7253293/1.jpg?2813
"Hp 15 VICTUS GAMING, 12TH GEN INTEL CORE I5, 16GB RAM, 512GB SSD NVIDIA RTX 3050 (4GB) WINS 11","₦ 1,340,000","3.8 out of 5
(5)",https://ng.jumia.is/unsafe/fit-in/300x300/filters:fill(white)/product/87/9747762/1.jpg?4591
Anti Blue Ray Light Blocking Glasses For Computers / Phones,"₦ 4,199","5 out of 5
(2)",https://ng.jumia.is/unsafe/fit-in/300x300/filters:fill(white)/product/37/0368273/1.jpg?4891
"Lenovo Legion 7i - 16.0"" WQXGA Display - 32GB RAM / 1TB SSD - Nvidia GeForce RTX 4070 (8GB) - 14th Gen Core I9-14900HX - Windows 11 - Glacier White.","₦ 4,000,000","3.3 out of 5
(4)",https://ng.jumia.is/unsafe/fit-in/300x300/filters:fill(white)/product/06/0633993/1.jpg?8509
Hp OMEN TRANSCEND 14 14TH GEN INTEL CORE ULTRA 9 UP TO 5.1GHz 32GB RAM 1TB SSD RTX 4070 (8GB) WINS 11,"₦ 3,999,999","5 out of 5
(1)",https://ng.jumia.is/unsafe/fit-in/300x300/filters:fill(white)/product/22/9785383/1.jpg?6815
"Hp Omen 16 Gaming 13th Gen Intel Core I7 16GB RAM/1TB SSD 16.1"" Nvidia RTX 4050 6GB WINS 11","₦ 2,500,000","5 out of 5
(1)",https://ng.jumia.is/unsafe/fit-in/300x300/filters:fill(white)/product/64/2825042/1.jpg?9372
"Hp TUFF DASH GAMING 15 AMD RYZEN 7-7435HS 16GB RAM 512GB SSD RTX 4050 (6GB) BACKLIT KEYBOARD 15.6""FHD WINDOWS 11","₦ 1,840,000","4.3 out of 5
(7)",https://ng.jumia.is/unsafe/fit-in/300x300/filters:fill(white)/product/31/6359304/1.jpg?1355
"DELL Alienware M16 R2 - 16.0"" QHD IPS Display - 32GB RAM / 1TB SSD - Nvidia GeForce RTX 4070 (8GB) - 14th Gen Intel Core Ultra 7 - Win 11 - Dark Metallic Moon","₦ 3,899,000","5 out of 5
(2)",https://ng.jumia.is/unsafe/fit-in/300x300/filters:fill(white)/product/84/5262204/1.jpg?9475
"Asus VIVOBOOK PRO 16X GAMING INTEL CORE I7 16GB RAM 512GB SSD 16""4K OLED RTX 3050 (4GB) WINDOWS 11","₦ 1,650,000",N/A,https://ng.jumia.is/unsafe/fit-in/300x300/filters:fill(white)/product/55/6525104/1.jpg?0289
"Alienware x16 GAMING 13TH GEN INTEL CORE I7 UPTO 5.0GHZ 16GB RAM 1TB SSD 16""(2560x1600) RTX 4060 (8GB) WINDOWS 11","₦ 4,000,000",N/A,https://ng.jumia.is/unsafe/fit-in/300x300/filters:fill(white)/product/04/4184004/1.jpg?1672
"Hp 15 VICTUS GAMING, 12TH GEN INTEL CORE I5, 16GB RAM, 512GB SSD,4GB NVIDIA RTX 2050 WINS 11","₦ 1,341,800",N/A,https://ng.jumia.is/unsafe/fit-in/300x300/filters:fill(white)/product/83/6773042/1.jpg?1984
Msi KATANA 15-B13VEK Gaming,"₦ 2,000,000",N/A,https://ng.jumia.is/unsafe/fit-in/300x300/filters:fill(white)/product/29/3713193/1.jpg?7954
"Hp ENVY 17-CW0097NR, 13th Gen I7,1TB/32GB RTX 3050","₦ 1,980,000",N/A,https://ng.jumia.is/unsafe/fit-in/300x300/filters:fill(white)/product/39/3971872/1.jpg?3248
"Asus VIVOBOOK PRO 15 GAMING INTEL CORE I5 8GB RAM 512GB SSD NVIDIA GTX 1650 (4GB) 15.6""FHD WINS 11","₦ 989,000",N/A,https://ng.jumia.is/unsafe/fit-in/300x300/filters:fill(white)/product/62/5970104/1.jpg?6516
Alienware M17 R5 GAMING AMD RYZEN 9-6900HX UP TO 4.9GHZ 16GB RAM 1TB SSD RTX 3080TI (16GB) WINDOWS 111,"₦ 3,900,000",N/A,https://ng.jumia.is/unsafe/fit-in/300x300/filters:fill(white)/product/58/0184004/1.jpg?1614
"Asus TUFF DASH GAMING 15 AMD RYZEN 7-7435HS 16GB RAM 512GB SSD RTX 4050 (6GB) BACKLIT KEYBOARD 15.6""FHD WINDOWS 11","₦ 1,840,000",N/A,https://ng.jumia.is/unsafe/fit-in/300x300/filters:fill(white)/product/58/7218204/1.jpg?4882
"DELL G7630 GAMING 13TH GEN INTEL CORE I9 UP TO 5.4GHZ 16GB RAM 1TB SSD 16"" RTX 4060 (8GB) WINS 11","₦ 2,952,000",N/A,https://ng.jumia.is/unsafe/fit-in/300x300/filters:fill(white)/product/48/3757483/1.jpg?7607
"Asus TUF 15 Gaming Laptop - 32GB RAM - 1TB SSD - Nvidia GeForce RTX 4070 (8GB) - 15.6"" Full HD IPS Display - Intel Core I7 - Win 11","₦ 3,100,000",N/A,https://ng.jumia.is/unsafe/fit-in/300x300/filters:fill(white)/product/24/4669104/1.jpg?6585
Hp OMEN TRANSCEND 14 14TH GEN INTEL CORE ULTRA 7 UP TO 4.9GHz 16GB RAM 1TB SSD RTX 4060 (8GB) WINS 11,"₦ 3,202,000",N/A,https://ng.jumia.is/unsafe/fit-in/300x300/filters:fill(white)/product/60/3995383/1.jpg?8172
Hp ProBook 11 X360- TOUCH- 256GB SSD/4GB RAM +Mouse &USB Light,"₦ 500,000",N/A,https://ng.jumia.is/unsafe/fit-in/300x300/filters:fill(white)/product/35/6301193/1.jpg?3924
"Hp Omen 16 Gaming 13th Gen Intel Core I7 16GB RAM/1TB SSD 16.1"" Nvidia RTX 4050 6GB WINS 11","₦ 2,500,000",N/A,https://ng.jumia.is/unsafe/fit-in/300x300/filters:fill(white)/product/28/504789/1.jpg?8947
Asus VIVOBOOK PRO 15 INTEL CORE I5 UP TO 4.4GHZ 8GB RAM 512GB SSD NVIDIA 1650 (4GB) WINDOWS 11,"₦ 950,000",N/A,https://ng.jumia.is/unsafe/fit-in/300x300/filters:fill(white)/product/32/1970104/1.jpg?6369
"Hp Omen 16 Gaming 13th Gen Intel Core I7 16GB RAM/1TB SSD 16.1"" 6GB Nvidia RTX 4050 WINS 11","₦ 2,500,000",N/A,https://ng.jumia.is/unsafe/fit-in/300x300/filters:fill(white)/product/00/304789/1.jpg?1525
"Hp Omen 16 Gaming - 16.1"" IPS Display - 32GB RAM / 1TB SSD - Nvidia GeForce RTX 4070 (8GB) - 14th Gen Intel Core I7-14700HX - Win 11 - Meteor Silver","₦ 3,499,000",N/A,https://ng.jumia.is/unsafe/fit-in/300x300/filters:fill(white)/product/57/1662204/1.jpg?1455
"Hp 15 VICTUS GAMING, 12TH GEN INTEL CORE I5, 16GB RAM, 512GB SSD,4GB NVIDIA RTX 3050 WINS 11","₦ 1,339,000",N/A,https://ng.jumia.is/unsafe/fit-in/300x300/filters:fill(white)/product/45/0363162/1.jpg?0913
Hp OMEN GAMING 16 12TH GEN INTEL CORE I9 16GB RAM 1TB SSD NVIDIA RTX 3060 (6GB) WINS 11,"₦ 2,650,000",N/A,https://ng.jumia.is/unsafe/fit-in/300x300/filters:fill(white)/product/88/1209172/1.jpg?8387
Hp OMEN GAMING 16 12TH GEN INTEL CORE I9 16GB RAM 1TB SSD NVIDIA RTX 3060 (6GB) WINS 11,"₦ 2,649,500",N/A,https://ng.jumia.is/unsafe/fit-in/300x300/filters:fill(white)/product/16/3898172/1.jpg?7276
"Hp Omen Transcend 14 - 16GB RAM / 1TB SSD - Nvidia GeForce RTX 4060 (8GB) - 14th Gen Intel Core Ultra 7-155H - 14"" 2.8K OLED Display - Win 11 - Shadow Black","₦ 3,190,000",N/A,https://ng.jumia.is/unsafe/fit-in/300x300/filters:fill(white)/product/32/4685204/1.jpg?5377
Lenovo LEGION 9 161RX9-83G0CTO1WW- Intel Core I9-14900HX,"₦ 7,600,000",N/A,https://ng.jumia.is/unsafe/fit-in/300x300/filters:fill(white)/product/63/7448404/1.jpg?2167
"Hp 15 VICTUS GAMING, 12TH GEN INTEL CORE I5, 8GB RAM, 512GB SSD NVIDIA RTX 3050 (4GB) WINS 11","₦ 1,320,000",N/A,https://ng.jumia.is/unsafe/fit-in/300x300/filters:fill(white)/product/40/4749862/1.jpg?9943
"Alienware M17 R5 AMD RYZEN 9-6900HX 4.9GHZ 16GB RAM 1TB SSD 17.3"" RTX 3080TI (16GB) WINS 11","₦ 3,600,000",N/A,https://ng.jumia.is/unsafe/fit-in/300x300/filters:fill(white)/product/21/5976104/1.jpg?9351
"Hpaay C 15 VICTUS GAMING, 12TH GEN INTEL CORE I5, 16GB RAM, 512GB SSD NVIDIA RTX 3050 (4GB) WINS 11","₦ 1,341,000",N/A,https://ng.jumia.is/unsafe/fit-in/300x300/filters:fill(white)/product/67/6866762/1.jpg?5461
Hp Victus Gaming 16 13th Gen Intel Core I7 16GB RAM/1TB SSD RTX 3050 (6GB) Win 11,"₦ 2,100,000",N/A,https://ng.jumia.is/unsafe/fit-in/300x300/filters:fill(white)/product/70/0340032/1.jpg?6084
"Lenovo LEGION 5 GAMING 14TH GEN INTEL CORE I7 5.2GHZ 16GB RAM 1TB SSSD RTX 4060 (8GB) 16""WQXGA WINS 11","₦ 2,940,000",N/A,https://ng.jumia.is/unsafe/fit-in/300x300/filters:fill(white)/product/14/7437104/1.jpg?7324
Hp VICTUS GAMING 15 13TH GEN INTEL CORE I7 8GB RAM 1TB SSD GTX 3050 (6GB) WINS 11,"₦ 2,180,500",N/A,https://ng.jumia.is/unsafe/fit-in/300x300/filters:fill(white)/product/61/7350032/1.jpg?6068
"Asus VIVOBOOK PRO 16X GAMING INTEL CORE I7 16GB RAM 512GB SSD 16""4K OLED RTX 3050 (4GB) WINDOWS 11","₦ 1,650,000",N/A,https://ng.jumia.is/unsafe/fit-in/300x300/filters:fill(white)/product/99/6655104/1.jpg?8374
Hp VICTUS GAMING 15 (2022) INTEL CORE I5 16GB RAM 512GB SSD 4GB NVIDIA RTX 3050 WINS 11,"₦ 1,340,800",N/A,https://ng.jumia.is/unsafe/fit-in/300x300/filters:fill(white)/product/24/9094913/1.jpg?5846
"Hp VICTUS GAMING 15 13TH GEN INTEL CORE I7 16GB RAM 1TB SSD RTX 3050 (6GB) 15.6""FHD BACKLIT KEY WIN 11","₦ 2,095,000",N/A,https://ng.jumia.is/unsafe/fit-in/300x300/filters:fill(white)/product/09/5747573/1.jpg?0350
"Hp VICTUS GAMING 15 13TH GEN INTEL CORE I7 16GB RAM 1TB SSD RTX 3050 (6GB) 15.6""FHD BACKLIT KEY WIN 11","₦ 1,990,000",N/A,https://ng.jumia.is/unsafe/fit-in/300x300/filters:fill(white)/product/05/8811573/1.jpg?1989
Msi Titan 18 Gaming Laptop ( HX A14VIG-088US) Intel Core I9-14900HX,"₦ 9,500,000",N/A,https://ng.jumia.is/unsafe/fit-in/300x300/filters:fill(white)/product/59/4448404/1.jpg?2168
"DELL INSPIRON GAMING 15 12TH GEN INTEL CORE I7 16GB RAM 1TB SSD RTX 3060 (6GB) 15.6"" WINS 11","₦ 2,400,950","5 out of 5
(1)",https://ng.jumia.is/unsafe/fit-in/300x300/filters:fill(white)/product/12/1941132/1.jpg?9325
"Lenovo LEGION 5 GAMING 14TH GEN INTEL CORE I7 5.2GHZ 16GB RAM 1TB SSSD RTX 4060 (8GB) 16""WQXGA WINS 11","₦ 2,955,000","5 out of 5
(2)",https://ng.jumia.is/unsafe/fit-in/300x300/filters:fill(white)/product/42/0537104/1.jpg?7346
Hp PAVILION 14 TOUCHSCREEN 12TH GEN INTEL CORE I7 8GB RAM 512GB SSD BACKLIT KEYBOARD WIN 11,"₦ 1,450,000","1 out of 5
(1)",https://ng.jumia.is/unsafe/fit-in/300x300/filters:fill(white)/product/75/1213263/1.jpg?5365
Asus ROG Strix SCAR 18-G834JR-XS97-4090Windows 11 Pro 32GB,"₦ 7,500,000",N/A,https://ng.jumia.is/unsafe/fit-in/300x300/filters:fill(white)/product/19/6939404/1.jpg?0248
DELL Alienware M18 R2 – Intel® Core™ I9 14900HX,"₦ 7,850,000",N/A,https://ng.jumia.is/unsafe/fit-in/300x300/filters:fill(white)/product/34/3539404/1.jpg?8759
"Hp 15 VICTUS GAMING, 12TH GEN INTEL CORE I5, 8GB RAM, 512GB SSD,4GB NVIDIA RTX 3050 WINS 11","₦ 1,405,500",N/A,https://ng.jumia.is/unsafe/fit-in/300x300/filters:fill(white)/product/49/8004162/1.jpg?6545
Racer RAZER BLADE 18 RZ09-0509 Intel Core I9-14900HX/16GB NVIDIA RTX 4090,"₦ 7,500,000",N/A,https://ng.jumia.is/unsafe/fit-in/300x300/filters:fill(white)/product/13/2827404/1.jpg?5636
"Hp 15 VICTUS GAMING, INTEL CORE I5, 8GB RAM, 512GB SSD,4GB NVIDIA RTX 2050 WINS 11","₦ 1,325,500",N/A,https://ng.jumia.is/unsafe/fit-in/300x300/filters:fill(white)/product/54/2242412/1.jpg?0600
Asus VIVOBOOK PRO 15 INTEL CORE I5 UP TO 4.4GHZ 8GB RAM 512GB SSD NVIDIA 1650 (4GB) WINDOWS 11,"₦ 990,000",N/A,https://ng.jumia.is/unsafe/fit-in/300x300/filters:fill(white)/product/26/5331304/1.jpg?5410
"Hp 15 VICTUS GAMING, 12TH GEN INTEL CORE I5, 8GB RAM, 512GB SSD,4GB NVIDIA RTX 2050 WINS 11","₦ 1,325,800",N/A,https://ng.jumia.is/unsafe/fit-in/300x300/filters:fill(white)/product/25/8731412/1.jpg?6967
Hp VICTUS GAMING 16 12TH GEN INTEL CORE I7 16GB RAM 1TB SSD GTX 1650 (4GB) WINS 11,"₦ 2,089,500",N/A,https://ng.jumia.is/unsafe/fit-in/300x300/filters:fill(white)/product/95/6350032/1.jpg?2139
Hp PAVILION 14 TOUCHSCREEN 12TH GEN INTEL CORE I7 8GB RAM 512GB SSD BACKLIT KEYBOARD WIN 11,"₦ 1,451,000",N/A,https://ng.jumia.is/unsafe/fit-in/300x300/filters:fill(white)/product/26/6573263/1.jpg?4255
"Asus TUFF DASH GAMING 15 AMD RYZEN 7-7435HS 16GB RAM 512GB SSD RTX 4050 (6GB) BACKLIT KEYBOARD 15.6""FHD WINDOWS 11","₦ 1,840,000",N/A,https://ng.jumia.is/unsafe/fit-in/300x300/filters:fill(white)/product/54/4949304/1.jpg?0929
"Hp 15 VICTUS GAMING, 12TH GEN INTEL CORE I5, 8GB RAM, 512GB SSD,4GB NVIDIA RTX 3050 WINS 11","₦ 1,325,800",N/A,https://ng.jumia.is/unsafe/fit-in/300x300/filters:fill(white)/product/40/4973162/1.jpg?3417
"Asus VIVOBOOK PRO 15 GAMING INTEL CORE I5 8GB RAM 512GB SSD NVIDIA GTX 1650 (4GB) 15.6""FHD WINS 11+ Bag","₦ 989,000",N/A,https://ng.jumia.is/unsafe/fit-in/300x300/filters:fill(white)/product/98/4810404/1.jpg?0621
"Acer TRAVELMATE P2 11th Gen, INTEL CORE I7 8GB RAM, 256GB SSD, Backlit Keyboard Wins 10","₦ 850,000",N/A,https://ng.jumia.is/unsafe/fit-in/300x300/filters:fill(white)/product/64/3444304/1.jpg?8247
Hp VICTUS 15 GAMING (2022) INTEL CORE I5 16GB RAM 512GB SSD 4GB NVIDIA RTX 2050 WINS 11,"₦ 1,340,800",N/A,https://ng.jumia.is/unsafe/fit-in/300x300/filters:fill(white)/product/02/8284913/1.jpg?4675
"Hp Omen 16 Gaming 13th Gen Intel Core I7 16GB RAM/1TB SSD 16.1"" 6GB Nvidia RTX 4050 WINS 11","₦ 2,500,000",N/A,https://ng.jumia.is/unsafe/fit-in/300x300/filters:fill(white)/product/52/744789/1.jpg?6983
Hp VICTUS GAMING 16 12TH GEN INTEL CORE I7 8GB RAM 1TB SSD GTX 1650 (4GB) WINS 11,"₦ 2,093,000",N/A,https://ng.jumia.is/unsafe/fit-in/300x300/filters:fill(white)/product/69/5773042/1.jpg?0669
"Hp 15 VICTUS GAMING, INTEL CORE I5, 8GB RAM, 512GB SSD,4GB NVIDIA RTX 2050 WINS 11","₦ 1,408,500",N/A,https://ng.jumia.is/unsafe/fit-in/300x300/filters:fill(white)/product/80/0561412/1.jpg?1460
"Acer TRAVELMATE P2 11th Gen, INTEL CORE I7 8GB RAM, 256GB SSD, Backlit Keyboard Wins 10","₦ 786,000",N/A,https://ng.jumia.is/unsafe/fit-in/300x300/filters:fill(white)/product/09/1451304/1.jpg?1230
Hp 15 VICTUS GAMING 12TH GEN INTEL CORE I5 16GB RAM 512GB SSD 4GB NVIDIA RTX 2050 WINS 11,"₦ 1,335,000",N/A,https://ng.jumia.is/unsafe/fit-in/300x300/filters:fill(white)/product/50/8554913/1.jpg?1783
"Hp VICTUS GAMING 15 13TH GEN INTEL CORE I7 16GB RAM 1TB SSD RTX 3050 (6GB) 15.6""FHD BACKLIT KEY WIN 11","₦ 2,096,000",N/A,https://ng.jumia.is/unsafe/fit-in/300x300/filters:fill(white)/product/66/9166573/1.jpg?2339
Asus VIVOBOOK PRO 15 INTEL CORE I5 UP TO 4.4GHZ 8GB RAM 512GB SSD NVIDIA 1650 (4GB) WINDOWS 11,"₦ 989,000",N/A,https://ng.jumia.is/unsafe/fit-in/300x300/filters:fill(white)/product/66/3014304/1.jpg?6991
"Hp Victus 16"" Gaming 13th Gen Intel Core i5 16GB 512GB SSD 6GB NVIDIA GeForce RTX 3050 Windows 11","₦ 1,850,000",N/A,https://ng.jumia.is/unsafe/fit-in/300x300/filters:fill(white)/product/27/7655104/1.jpg?8379
"Asus VIVOBOOK PRO 16X GAMING INTEL CORE I7 16GB RAM 512GB SSD 16""4K OLED RTX 3050 (4GB) WINDOWS 11","₦ 1,655,000",N/A,https://ng.jumia.is/unsafe/fit-in/300x300/filters:fill(white)/product/32/7655104/1.jpg?8848
"Hp 15 VICTUS GAMING, 12TH GEN INTEL CORE I5, 8GB RAM, 512GB SSD,4GB NVIDIA RTX 3050 WINS 11","₦ 1,326,000",N/A,https://ng.jumia.is/unsafe/fit-in/300x300/filters:fill(white)/product/96/9263162/1.jpg?0916
Hp Laptop 15-fd0107dx-A9PE7UA-12 Generation 512gb,"₦ 1,050,000",N/A,https://ng.jumia.is/unsafe/fit-in/300x300/filters:fill(white)/product/11/9902504/1.jpg?5125
Asus VIVOBOOK PRO 14X GAMING INTEL CORE I7 16GB RAM 512GB SSD RTX 3050 (4GB) WINS 11,"₦ 1,650,000",N/A,https://ng.jumia.is/unsafe/fit-in/300x300/filters:fill(white)/product/16/7364104/1.jpg?8221
Razer HP PAVILION X360 2-in 1 Laptop 14-ek2001nia-A5BG6EA,"₦ 1,500,000",N/A,https://ng.jumia.is/unsafe/fit-in/300x300/filters:fill(white)/product/34/0624504/1.jpg?8132
Hp VICTUS GAMING 15 12TH GEN 4GB NVIDIA RTX 2050 INTEL CORE I5 16GB RAM 512GB SSD BACKLIT KEYS WINS 11,"₦ 1,340,500",N/A,https://ng.jumia.is/unsafe/fit-in/300x300/filters:fill(white)/product/28/5977023/1.jpg?7851
"Hp OMEN Transcend Gaming 16.0"" Intel i7-13700HX 8GB GeForce RTX 4070 16GB 512GB SSD Win 11","₦ 3,500,000",N/A,https://ng.jumia.is/unsafe/fit-in/300x300/filters:fill(white)/product/98/4135104/1.jpg?0628
"Asus VIVOBOOK PRO 14X GAMING INTEL CORE I7 16GB RAM 512GB SSD RTX 3050 (4GB) 14"" OLED WINS 11","₦ 1,650,000",N/A,https://ng.jumia.is/unsafe/fit-in/300x300/filters:fill(white)/product/42/2594104/1.jpg?2786
"Hp VICTUS GAMING 15 13TH GEN INTEL CORE I7 16GB RAM 1TB SSD RTX 3050 (6GB) 15.6""FHD BACKLIT KEY WIN 11","₦ 2,100,000",N/A,https://ng.jumia.is/unsafe/fit-in/300x300/filters:fill(white)/product/90/0317573/1.jpg?3167
"Hp 15 VICTUS GAMING, 12TH GEN INTEL CORE I5, 16GB RAM, 512GB SSD,4GB NVIDIA RTX 2050 WINS 11","₦ 1,340,500",N/A,https://ng.jumia.is/unsafe/fit-in/300x300/filters:fill(white)/product/67/1363162/1.jpg?2391
"Asus VIVOBOOK PRO 14X GAMING INTEL CORE I7 16GB RAM 512GB SSD 14""OLED RTX 3050 (4GB) WINS 11","₦ 1,650,000",N/A,https://ng.jumia.is/unsafe/fit-in/300x300/filters:fill(white)/product/38/4674104/1.jpg?1308
"Acer TRAVELMATE P2 11th Gen, INTEL CORE I7 8GB RAM, 256GB SSD, Backlit Keyboard Wins 10","₦ 785,000",N/A,https://ng.jumia.is/unsafe/fit-in/300x300/filters:fill(white)/product/41/6444304/1.jpg?8259
"Hp PAVILION 14 TOUCHSCREEN 12TH GEN INTEL CORE I7 16GB RAM 512GB SSD 2GB DEDICATED ,BACKLIT KEYBOARD WIN 11","₦ 1,350,000",N/A,https://ng.jumia.is/unsafe/fit-in/300x300/filters:fill(white)/product/04/7259304/1.jpg?1084
Asevi VIVOBOOK PRO 15 INTEL CORE I5 UP TO 4.4GHZ 8GB RAM 512GB SSD NVIDIA 1650 (4GB) WINDOWS 11,"₦ 988,000",N/A,https://ng.jumia.is/unsafe/fit-in/300x300/filters:fill(white)/product/04/5359304/1.jpg?1349
Asevi VIVOBOOK PRO 15 INTEL CORE I5 UP TO 4.4GHZ 8GB RAM 512GB SSD NVIDIA 1650 (4GB) WINDOWS 11+ Bag,"₦ 988,000",N/A,https://ng.jumia.is/unsafe/fit-in/300x300/filters:fill(white)/product/67/5359304/1.jpg?1354
"Hp 15 VICTUS GAMING, 12TH GEN INTEL CORE I5, 8GB RAM, 512GB SSD NVIDIA RTX 3050 (4GB) WINS 11","₦ 1,270,000",N/A,https://ng.jumia.is/unsafe/fit-in/300x300/filters:fill(white)/product/90/3996404/1.jpg?2246
915 Generation 20V 3.25A 65W USB Type C Laptop Mobile Phone Power Adapter,"₦ 24,871",N/A,https://ng.jumia.is/unsafe/fit-in/300x300/filters:fill(white)/product/52/1262332/1.jpg?5270
Hp Victus Laptop 15,"₦ 1,950,500",N/A,https://ng.jumia.is/unsafe/fit-in/300x300/filters:fill(white)/product/23/2274583/1.jpg?8860
"Hp 15 VICTUS GAMING, 12TH GEN INTEL CORE I5, 16GB RAM, 512GB SSD NVIDIA RTX 3050 (4GB) WINS 11","₦ 1,330,000",N/A,https://ng.jumia.is/unsafe/fit-in/300x300/filters:fill(white)/product/12/3996404/1.jpg?2245
"Hp PAVILION 14 TOUCHSCREEN 12TH GEN INTEL CORE I7 16GB RAM 512GB SSD 2GB DEDICATED ,BACKLIT KEYBOARD WIN 11","₦ 1,450,000",N/A,https://ng.jumia.is/unsafe/fit-in/300x300/filters:fill(white)/product/93/0359304/1.jpg?1286
"V5 Wired LED Backlit 4000DPI Optical USB Ergonomic PC Laptop Gaming Mouse New,Button Sound Version NO5099","₦ 17,443",N/A,https://ng.jumia.is/unsafe/fit-in/300x300/filters:fill(white)/product/67/0232693/1.jpg?2199
"Universal Wired Optical Gaming Mouse Max 5500DPI Resolution USB Lights Game Mice For Pro Gamer Laptop New,2 NO5123","₦ 17,443",N/A,https://ng.jumia.is/unsafe/fit-in/300x300/filters:fill(white)/product/40/4858693/1.jpg?9335
"V5 Wired LED Backlit 4000DPI Optical USB Ergonomic PC Laptop Gaming Mouse New,Silent Button NO5099","₦ 20,935",N/A,https://ng.jumia.is/unsafe/fit-in/300x300/filters:fill(white)/product/30/8382693/1.jpg?2839
"Wireless Gaming Mouse with Quiet Click Optical 2400 DPI for PC Laptop Office New,Red NO5099","₦ 29,665",N/A,https://ng.jumia.is/unsafe/fit-in/300x300/filters:fill(white)/product/22/9263693/1.jpg?7331
"Laptop Extension Phone Bracket Laptop Phone Holder Adjustable Laptop Side Mount Clip Slim Portable Foldable New,Blue NO5115","₦ 6,967",N/A,https://ng.jumia.is/unsafe/fit-in/300x300/filters:fill(white)/product/88/7134593/1.jpg?0717
Hp VICTUS GAMING 16 12TH GEN INTEL CORE I7 16GB RAM 1TB SSD GTX 1650 (4GB) WINS 11,"₦ 2,039,900",N/A,https://ng.jumia.is/unsafe/fit-in/300x300/filters:fill(white)/product/38/9350032/1.jpg?3525
"Universal Wired Optical Gaming Mouse Max 5500DPI Resolution USB Lights Game Mice For Pro Gamer Laptop New,2 NO5099","₦ 15,697",N/A,https://ng.jumia.is/unsafe/fit-in/300x300/filters:fill(white)/product/16/2812693/1.jpg?9128
"V5 Wired LED Backlit 4000DPI Optical USB Ergonomic PC Laptop Gaming Mouse New,Silent Button NO5111","₦ 20,935",N/A,https://ng.jumia.is/unsafe/fit-in/300x300/filters:fill(white)/product/08/1609693/1.jpg?2868
15.6inch FHD 1080P Laptop Monitor IPS Screen Portable Gaming External Monitor Plug&Play with PU Leather Cover Compatible with Laptop PC Phone Mac Xbox PS5/PS4 Switch,"₦ 327,999",N/A,https://ng.jumia.is/unsafe/fit-in/300x300/filters:fill(white)/product/46/0695893/1.jpg?8928
"SA-822 Gaming Headset High Sound Quality Headphones 3.5mm with Microphone for PC Laptop Computer Gaming New,Default NO5245","₦ 64,289",N/A,https://ng.jumia.is/unsafe/fit-in/300x300/filters:fill(white)/product/08/2616193/1.jpg?7636
Portable Laptop Cooler Laptop Cooling Base Single Fan Design Low Noise Two USB Ports Support Laptops Below 14 inch,"₦ 33,051",N/A,https://ng.jumia.is/unsafe/fit-in/300x300/filters:fill(white)/product/85/3925893/1.jpg?3189
15.6inch FHD 1080P Laptop Monitor IPS Screen Portable Gaming External Monitor Plug&Play with PU Leather Cover Compatible with Laptop PC Phone Mac Xbox PS5/PS4 Switch,"₦ 398,417",N/A,https://ng.jumia.is/unsafe/fit-in/300x300/filters:fill(white)/product/78/8853793/1.jpg?7775
15.6inch FHD 1080P Laptop Monitor IPS Screen Portable Gaming External Monitor Plug&Play with PU Leather Cover Compatible with Laptop PC Phone Mac Xbox PS5/PS4 Switch,"₦ 398,417",N/A,https://ng.jumia.is/unsafe/fit-in/300x300/filters:fill(white)/product/16/5673793/1.jpg?9861
"2400DPI Optical Adjustable 6 Button Wired Gaming Game Mice Mouse for Laptop PC,Default NO5245","₦ 12,149",N/A,https://ng.jumia.is/unsafe/fit-in/300x300/filters:fill(white)/product/53/5226193/1.jpg?9847
"New 2.4GHz USB Wireless Optical Mouse 2000DPI 6 Buttons PC Laptop Computer Gaming Mice,Black NO5119","₦ 8,713",N/A,https://ng.jumia.is/unsafe/fit-in/300x300/filters:fill(white)/product/56/5335493/1.jpg?7961
915 Generation 20V 2.25A 45W TypeC AC Laptop Charger Adapter for Lenovo,"₦ 31,777",N/A,https://ng.jumia.is/unsafe/fit-in/300x300/filters:fill(white)/product/21/4326493/1.jpg?2185
915 Generation 20V 2.25A 45W Type-C AC Laptop Charger Adapter for Lenovo,"₦ 24,645",N/A,https://ng.jumia.is/unsafe/fit-in/300x300/filters:fill(white)/product/40/1152332/1.jpg?2942
3.5mm Wired Gaming Headset On-Ear Sports Headphones Ear-hook Music Earphones for Smartphones Tablet Laptop Desktop PC,"₦ 8,615",N/A,https://ng.jumia.is/unsafe/fit-in/300x300/filters:fill(white)/product/65/6358793/1.jpg?8707
915 Generation Laptop Built-In Speakers for Lenovo Thinkpad X1 Carbon 5Th,"₦ 22,333",N/A,https://ng.jumia.is/unsafe/fit-in/300x300/filters:fill(white)/product/88/4723632/1.jpg?3336
10x Padlock Shims Stainless Steel Unlock Accessories,"₦ 8,084",N/A,https://ng.jumia.is/unsafe/fit-in/300x300/filters:fill(white)/product/47/4550304/1.jpg?6814
"Universal Wired Optical Gaming Mouse Max 5500DPI Resolution USB Lights Game Mice For Pro Gamer Laptop New,2 NO5098","₦ 20,935",N/A,https://ng.jumia.is/unsafe/fit-in/300x300/filters:fill(white)/product/10/6902693/1.jpg?7466
"New 2.4GHz USB Wireless Optical Mouse 2000DPI 6 Buttons PC Laptop Computer Gaming Mice,Grey NO5122","₦ 8,713",N/A,https://ng.jumia.is/unsafe/fit-in/300x300/filters:fill(white)/product/43/0948693/1.jpg?8634
Portable Laptop Cooler Laptop Cooling Base Single Fan Design Low Noise Two USB Ports Support Laptops Below 14 inch,"₦ 39,823",N/A,https://ng.jumia.is/unsafe/fit-in/300x300/filters:fill(white)/product/25/5802793/1.jpg?9391
5 PCS Makeup Empty Eyeliner Liquid Cosmetic Container Set,"₦ 13,064",N/A,https://ng.jumia.is/unsafe/fit-in/300x300/filters:fill(white)/product/47/6550304/1.jpg?6831
"SA822 Gaming Headset High Sound Quality Headphones 3.5mm with Microphone for PC Laptop Computer Gaming New,Default NO5234","₦ 69,886",N/A,https://ng.jumia.is/unsafe/fit-in/300x300/filters:fill(white)/product/18/9128993/1.jpg?1062
Laptop Tablet Anti-theft Anchor Plate Easy Installation Laptop Lock Plate for Laptop Tablet Electronic Products NO5284,"₦ 13,811",N/A,https://ng.jumia.is/unsafe/fit-in/300x300/filters:fill(white)/product/82/0309693/1.jpg?2700
"New 2.4GHz USB Wireless Optical Mouse 2000DPI 6 Buttons PC Laptop Computer Gaming Mice,Blue NO5119","₦ 8,713",N/A,https://ng.jumia.is/unsafe/fit-in/300x300/filters:fill(white)/product/36/4125493/1.jpg?5481
20V 3.25A 65W USB Type C Laptop Mobile Phone Power Adapter,"₦ 25,946",N/A,https://ng.jumia.is/unsafe/fit-in/300x300/filters:fill(white)/product/58/2480493/1.jpg?0033
Laptop Tablet Anti-theft Anchor Plate Easy Installation Laptop Lock Plate for Laptop Tablet Electronic Products NO5284,"₦ 13,811",N/A,https://ng.jumia.is/unsafe/fit-in/300x300/filters:fill(white)/product/76/9959693/1.jpg?6699
20V 2.25A 45W TypeC AC Laptop Charger Adapter for Lenovo,"₦ 29,360",N/A,https://ng.jumia.is/unsafe/fit-in/300x300/filters:fill(white)/product/83/8052893/1.jpg?4831
3.5mm Wired Gaming Headset On-Ear Sports Headphones Ear-hook Music Earphones for Smartphones Tablet Laptop Desktop PC,"₦ 8,615",N/A,https://ng.jumia.is/unsafe/fit-in/300x300/filters:fill(white)/product/34/9354583/1.jpg?7458
"Wireless Gaming Mouse with Quiet Click Optical 2400 DPI for PC Laptop Office New,Black NO5111","₦ 31,411",N/A,https://ng.jumia.is/unsafe/fit-in/300x300/filters:fill(white)/product/17/8475693/1.jpg?3085
20V 2.25A 45W TypeC AC Laptop Charger Adapter for Lenovo,"₦ 31,523",N/A,https://ng.jumia.is/unsafe/fit-in/300x300/filters:fill(white)/product/52/0142193/1.jpg?1959
"Universal Wired Optical Gaming Mouse Max 5500DPI Resolution USB Lights Game Mice For Pro Gamer Laptop New,Black NO5099","₦ 17,443",N/A,https://ng.jumia.is/unsafe/fit-in/300x300/filters:fill(white)/product/68/2163693/1.jpg?7105
"Universal Wired Optical Gaming Mouse Max 5500DPI Resolution USB Lights Game Mice For Pro Gamer Laptop New,Black NO5111","₦ 17,443",N/A,https://ng.jumia.is/unsafe/fit-in/300x300/filters:fill(white)/product/70/3874593/1.jpg?4907
"V5 Wired LED Backlit 4000DPI Optical USB Ergonomic PC Laptop Gaming Mouse New,Silent Button NO5123","₦ 20,935",N/A,https://ng.jumia.is/unsafe/fit-in/300x300/filters:fill(white)/product/25/6451593/1.jpg?0719
"V5 Wired LED Backlit 4000DPI Optical USB Ergonomic PC Laptop Gaming Mouse New,Button Sound Version NO5099","₦ 19,189",N/A,https://ng.jumia.is/unsafe/fit-in/300x300/filters:fill(white)/product/83/8922693/1.jpg?1405
"Laptop Extension Phone Bracket Laptop Phone Holder Adjustable Laptop Side Mount Clip Slim Portable Foldable New,Pink NO5098","₦ 6,967",N/A,https://ng.jumia.is/unsafe/fit-in/300x300/filters:fill(white)/product/61/3630593/1.jpg?6808
3.5mm Wired Gaming Headset On-Ear Sports Headphones Ear-hook Music Earphones for Smartphones Tablet Laptop Desktop PC,"₦ 8,615",N/A,https://ng.jumia.is/unsafe/fit-in/300x300/filters:fill(white)/product/19/6859483/1.jpg?5629
"V5 Wired LED Backlit 4000DPI Optical USB Ergonomic PC Laptop Gaming Mouse New,Button Sound Version NO5099","₦ 20,935",N/A,https://ng.jumia.is/unsafe/fit-in/300x300/filters:fill(white)/product/93/8032693/1.jpg?1950
"V5 Wired LED Backlit 4000DPI Optical USB Ergonomic PC Laptop Gaming Mouse New,Button Sound Version NO5099","₦ 19,189",N/A,https://ng.jumia.is/unsafe/fit-in/300x300/filters:fill(white)/product/89/9132693/1.jpg?2193
"V5 Wired LED Backlit 4000DPI Optical USB Ergonomic PC Laptop Gaming Mouse New,Silent Button NO5099","₦ 24,427",N/A,https://ng.jumia.is/unsafe/fit-in/300x300/filters:fill(white)/product/00/7363693/1.jpg?7420
"USB Wireless Gaming Mouse Built-in Rechargeable Battery for PC Laptop Computer New,Green NO5118","₦ 13,951",N/A,https://ng.jumia.is/unsafe/fit-in/300x300/filters:fill(white)/product/68/3834493/1.jpg?9056
"New 2.4GHz USB Wireless Optical Mouse 2000DPI 6 Buttons PC Laptop Computer Gaming Mice,Grey NO5117","₦ 8,713",N/A,https://ng.jumia.is/unsafe/fit-in/300x300/filters:fill(white)/product/56/2205493/1.jpg?5451
"New 2.4GHz USB Wireless Optical Mouse 2000DPI 6 Buttons PC Laptop Computer Gaming Mice,Red NO5117","₦ 8,713",N/A,https://ng.jumia.is/unsafe/fit-in/300x300/filters:fill(white)/product/91/8204693/1.jpg?5335
"USB Wireless Gaming Mouse Built-in Rechargeable Battery for PC Laptop Computer New,Blue NO5117","₦ 15,697",N/A,https://ng.jumia.is/unsafe/fit-in/300x300/filters:fill(white)/product/88/8369693/1.jpg?7091
"Wireless Gaming Mouse with Quiet Click Optical 2400 DPI for PC Laptop Office New,Red NO5117","₦ 31,411",N/A,https://ng.jumia.is/unsafe/fit-in/300x300/filters:fill(white)/product/88/5495493/1.jpg?7529
"USB Wireless Gaming Mouse Built-in Rechargeable Battery for PC Laptop Computer New,Green NO5117","₦ 15,697",N/A,https://ng.jumia.is/unsafe/fit-in/300x300/filters:fill(white)/product/09/1504693/1.jpg?6828
"Universal Wired Optical Gaming Mouse Max 5500DPI Resolution USB Lights Game Mice For Pro Gamer Laptop New,3 NO5117","₦ 17,443",N/A,https://ng.jumia.is/unsafe/fit-in/300x300/filters:fill(white)/product/70/5193693/1.jpg?9992
915 Generation 20V 3.25A 65W AC Laptop Power Adapter for Lenovo Thinkpad,"₦ 18,510",N/A,https://ng.jumia.is/unsafe/fit-in/300x300/filters:fill(white)/product/97/9230332/1.jpg?6994
915 Generation Laptop BuiltIn Speakers For Lenovo Thinkpad X1 Carbon 5Th,"₦ 23,721",N/A,https://ng.jumia.is/unsafe/fit-in/300x300/filters:fill(white)/product/34/2234404/1.jpg?5361
"Laptop Extension Phone Bracket Laptop Phone Holder Adjustable Laptop Side Mount Clip Slim Portable Foldable New,Pink NO5098","₦ 9,230",N/A,https://ng.jumia.is/unsafe/fit-in/300x300/filters:fill(white)/product/91/9742204/1.jpg?1335
20V 3.25A 65W USB Type C Laptop Mobile Phone Power Adapter,"₦ 59,940",N/A,https://ng.jumia.is/unsafe/fit-in/300x300/filters:fill(white)/product/68/8016493/1.jpg?0716
915 Generation 20V 2.25A 45W Type-C AC Laptop Charger Adapter for Lenovo,"₦ 30,013",N/A,https://ng.jumia.is/unsafe/fit-in/300x300/filters:fill(white)/product/73/4084483/1.jpg?8192
20V 3.25A 65W USB Type C Laptop Mobile Phone Power Adapter,"₦ 26,400",N/A,https://ng.jumia.is/unsafe/fit-in/300x300/filters:fill(white)/product/59/0151493/1.jpg?2497
20V 2.25A 45W Type-C AC Laptop Charger Adapter for Lenovo,"₦ 26,976",N/A,https://ng.jumia.is/unsafe/fit-in/300x300/filters:fill(white)/product/71/1754493/1.jpg?7034
915 Generation 20V 2.25A 45W TypeC AC Laptop Charger Adapter for Lenovo,"₦ 31,777",N/A,https://ng.jumia.is/unsafe/fit-in/300x300/filters:fill(white)/product/64/1755493/1.jpg?7113
"USB Wireless Gaming Mouse Built-in Rechargeable Battery for PC Laptop Computer New,Orange NO5098","₦ 15,697",N/A,https://ng.jumia.is/unsafe/fit-in/300x300/filters:fill(white)/product/50/7370693/1.jpg?5246
"Universal Wired Optical Gaming Mouse Max 5500DPI Resolution USB Lights Game Mice For Pro Gamer Laptop New,Black NO5098","₦ 20,935",N/A,https://ng.jumia.is/unsafe/fit-in/300x300/filters:fill(white)/product/39/3863693/1.jpg?7915
"V5 Wired LED Backlit 4000DPI Optical USB Ergonomic PC Laptop Gaming Mouse New,Button Sound Version NO5098","₦ 20,935",N/A,https://ng.jumia.is/unsafe/fit-in/300x300/filters:fill(white)/product/21/1902693/1.jpg?7416
Portable Laptop Cooler Laptop Cooling Base Single Fan Design Low Noise Two USB Ports Support Laptops Below 14 inch,"₦ 33,051",N/A,https://ng.jumia.is/unsafe/fit-in/300x300/filters:fill(white)/product/69/6184483/1.jpg?0472
3.5mm Wired Gaming Headset On-Ear Sports Headphones Ear-hook Music Earphones for Smartphones Tablet Laptop Desktop PC,"₦ 8,615",N/A,https://ng.jumia.is/unsafe/fit-in/300x300/filters:fill(white)/product/46/9912893/1.jpg?2103
Table Clock Mute Display Battery Powered,"₦ 7,188",N/A,https://ng.jumia.is/unsafe/fit-in/300x300/filters:fill(white)/product/20/8388204/1.jpg?1568
"USB Wireless Gaming Mouse Built-in Rechargeable Battery for PC Laptop Computer New,Orange NO5111","₦ 15,697",N/A,https://ng.jumia.is/unsafe/fit-in/300x300/filters:fill(white)/product/86/0975693/1.jpg?5908
"New 2.4GHz USB Wireless Optical Mouse 2000DPI 6 Buttons PC Laptop Computer Gaming Mice,Black NO5115","₦ 8,713",N/A,https://ng.jumia.is/unsafe/fit-in/300x300/filters:fill(white)/product/07/3044593/1.jpg?1449
20V 3.25A 65W USB Type C Laptop Mobile Phone Power Adapter,"₦ 29,431",N/A,https://ng.jumia.is/unsafe/fit-in/300x300/filters:fill(white)/product/72/6002893/1.jpg?9107
3.5mm Wired Gaming Headset On-Ear Sports Headphones Ear-hook Music Earphones For Smartphones Tablet Laptop Desktop PC,"₦ 11,028",N/A,https://ng.jumia.is/unsafe/fit-in/300x300/filters:fill(white)/product/36/7015604/1.jpg?9027
915 Generation 20V 3.25A 65W AC Laptop Power Adapter for Lenovo Thinkpad,"₦ 26,676",N/A,https://ng.jumia.is/unsafe/fit-in/300x300/filters:fill(white)/product/08/0191604/1.jpg?2347
915 Generation 20V 2.25A 45W Type-C AC Laptop Charger Adapter for Lenovo,"₦ 32,096",N/A,https://ng.jumia.is/unsafe/fit-in/300x300/filters:fill(white)/product/35/1591604/1.jpg?2673
